Type,Dedicated Graphic Memory Capacity,SSD,RAM (in GB),Expandable Memory,Touchscreen,Screen Size (in inch),screen_resolution,Storage,CPU_ranking,gpu_benchmark,ram_type_tokenized,Price(RM),Refresh_Rate
1,8.0,1,32,1,0,17.3,1440,1000,4,168.0,7,12924.45,1
1,8.0,1,32,1,0,15.6,1440,1000,4,168.0,7,12649.45,1
1,4.0,1,16,0,0,16.1,1080,512,64,72.6,4,5725.0,1
1,4.0,1,16,0,0,15.6,1080,512,24,72.6,4,4824.44,1
2,0.0,1,16,0,1,14.0,1080,512,108,4.23,4,4179.45,1
2,0.0,1,16,0,0,14.0,1080,512,61,17.5,4,4311.73,1
2,0.0,1,4,0,0,15.6,1080,256,745,4.23,4,1610.95,1
3,0.0,1,16,0,1,13.3,1080,1000,24,102.0,4,5021.94,1
1,4.0,1,8,1,0,15.6,1080,1000,187,59.9,4,3574.45,2
2,0.0,1,8,1,0,15.6,1080,256,674,5.05,4,1814.94,1
2,0.0,1,8,1,0,15.6,1080,256,579,102.0,4,1704.45,1
2,0.0,1,16,1,0,13.4,1080,512,108,17.5,6,8230.48,1
3,0.0,1,16,0,1,14.0,1080,512,24,102.0,4,5457.04,1
1,4.0,1,16,0,0,15.6,1080,1024,110,72.6,4,4563.9,1
4,0.0,1,8,0,0,15.6,1080,256,330,102.0,4,2032.2,1
1,4.0,1,32,1,1,13.4,1080,1000,48,59.9,6,7149.45,2
1,8.0,1,16,1,0,15.6,1080,1000,61,154.0,4,8704.85,2
4,0.0,1,8,0,0,15.6,1080,256,362,5.05,4,2639.45,1
2,0.0,1,16,0,0,14.0,1440,512,108,17.5,6,3574.45,1
2,0.0,1,16,0,0,14.0,1440,512,108,17.5,6,3574.45,1
2,0.0,1,16,0,0,14.0,1440,512,108,17.5,6,3574.45,1
1,4.0,1,16,1,0,15.6,1080,512,61,59.0,4,5719.45,2
1,4.0,1,8,0,0,15.6,1080,512,87,72.6,4,3821.95,2
4,0.0,1,4,0,0,14.1,1080,128,745,5.05,4,1209.45,1
2,0.0,1,16,0,0,14.0,1440,512,69,17.5,4,4124.45,1
2,0.0,1,16,0,0,14.0,1440,512,38,17.5,4,5224.45,1
2,0.0,1,16,0,0,14.0,1440,512,69,17.5,8,4949.45,1
2,0.0,1,16,0,1,14.0,1440,1000,38,17.5,8,7424.45,1
2,0.0,1,16,0,0,14.0,1440,512,69,17.5,4,4124.45,1
2,0.0,1,16,0,0,14.0,1440,512,38,17.5,8,5774.45,1
2,0.0,1,16,0,0,14.0,1440,512,38,17.5,4,5224.45,2
2,0.0,1,16,0,1,14.0,1440,512,69,17.5,8,6324.45,1
2,0.0,1,8,1,0,14.0,1080,256,330,10.6,4,2364.45,1
1,4.0,1,8,0,0,15.6,1080,512,70,72.6,4,4427.5,1
1,6.0,1,16,0,0,16.6,1080,512,58,132.0,4,5884.45,1
2,0.0,1,8,0,0,15.6,1080,256,187,4.23,4,2388.65,1
4,0.0,1,8,0,0,15.6,720,1256,108,4.23,4,3629.45,1
1,4.0,1,8,0,0,17.3,1080,512,75,59.9,4,4534.7,1
2,0.0,1,16,0,0,14.0,1080,512,108,17.5,4,3354.45,1
2,0.0,1,8,0,0,15.6,1080,512,187,5.05,4,2639.45,1
1,6.0,1,16,1,0,15.6,1440,1000,38,132.0,7,7644.45,1
1,4.0,1,16,1,0,15.6,1080,512,69,72.6,7,4839.45,1
1,6.0,1,16,1,0,15.6,1080,512,38,132.0,7,7039.45,1
2,0.0,1,8,0,0,15.6,720,256,362,5.05,4,2034.45,1
1,4.0,1,16,0,0,15.6,1080,512,108,72.6,4,4096.95,1
1,4.0,1,16,1,0,15.6,1080,1000,38,59.0,7,6461.95,1
1,4.0,1,16,1,0,15.6,1080,512,38,59.0,7,5774.45,1
1,4.0,1,8,0,0,15.6,1080,512,108,72.6,4,3821.95,1
2,0.0,1,8,0,0,15.6,1080,512,108,17.5,4,2749.45,1
2,0.0,1,8,0,0,15.6,1080,1256,362,5.05,4,2804.45,1
2,0.0,0,8,0,0,15.6,1080,1000,540,5.05,4,1704.45,1
4,0.0,1,16,0,0,15.6,1080,512,108,4.23,4,3737.2,1
2,2.0,1,8,1,0,15.6,1080,512,108,33.8,4,3574.45,1
2,0.0,1,16,0,0,14.0,1080,512,64,102.0,4,3959.94,1
2,0.0,1,16,0,0,14.0,1080,512,87,102.0,4,3459.5,1
1,4.0,1,8,0,0,15.6,1080,1000,108,72.6,4,4339.5,1
2,0.0,1,4,0,0,11.6,720,256,745,1.53,4,1374.45,1
2,0.0,1,4,0,0,11.6,720,128,745,1.53,4,1319.45,1
1,4.0,1,8,0,0,15.6,1080,512,108,59.9,4,3574.45,1
2,0.0,1,4,0,0,14.0,720,256,745,5.05,4,1429.45,1
2,0.0,1,8,0,0,15.6,1080,512,108,17.5,4,2743.95,1
1,4.0,1,16,0,0,15.6,1080,1512,38,59.0,4,6049.45,1
1,4.0,1,8,0,0,15.6,1080,512,87,59.0,4,4300.45,1
4,4.0,1,16,0,0,16.1,1080,1000,38,59.0,7,7148.9,1
2,0.0,1,8,1,0,15.6,1080,512,362,5.05,4,2969.45,2
2,0.0,1,8,0,0,15.6,720,512,331,102.0,4,2469.5,1
2,0.0,1,8,1,0,15.6,720,256,873,5.05,4,2028.95,1
4,0.0,1,8,0,0,15.6,1080,1256,108,4.23,4,3657.5,1
1,4.0,1,16,0,0,15.6,1080,512,75,72.6,4,4927.45,1
2,0.0,1,16,1,0,16.0,1080,512,330,102.0,4,3789.5,2
1,4.0,1,16,1,0,15.6,1080,512,108,59.0,4,5086.95,1
1,4.0,1,16,1,0,15.6,1080,512,38,59.0,7,6434.45,1
1,8.0,1,32,1,0,17.3,1440,1000,4,168.0,7,12924.45,1
1,8.0,1,32,1,0,15.6,1440,1000,4,168.0,7,12649.45,1
1,4.0,1,16,0,0,16.1,1080,512,64,72.6,4,5725.0,1
1,4.0,1,16,0,0,15.6,1080,512,24,72.6,4,4824.44,1
2,0.0,1,16,0,1,14.0,1080,512,108,4.23,4,4179.45,1
2,0.0,1,16,0,0,14.0,1080,512,61,17.5,4,4311.73,1
2,0.0,1,4,0,0,15.6,1080,256,745,4.23,4,1610.95,1
3,0.0,1,16,0,1,13.3,1080,1000,24,102.0,4,5021.94,1
1,4.0,1,8,1,0,15.6,1080,1000,187,59.9,4,3574.45,2
2,0.0,1,8,1,0,15.6,1080,256,674,5.05,4,1814.94,1
2,0.0,1,8,1,0,15.6,1080,256,579,102.0,4,1704.45,1
2,0.0,1,16,1,0,13.4,1080,512,108,17.5,6,8230.48,1
3,0.0,1,16,0,1,14.0,1080,512,24,102.0,4,5457.04,1
1,4.0,1,16,0,0,15.6,1080,1024,110,72.6,4,4563.9,1
4,0.0,1,8,0,0,15.6,1080,256,330,102.0,4,2032.2,1
1,4.0,1,32,1,1,13.4,1080,1000,48,59.9,6,7149.45,2
1,8.0,1,16,1,0,15.6,1080,1000,61,154.0,4,8704.85,2
4,0.0,1,8,0,0,15.6,1080,256,362,5.05,4,2639.45,1
2,0.0,1,16,0,0,14.0,1440,512,108,17.5,6,3574.45,1
2,0.0,1,16,0,0,14.0,1440,512,108,17.5,6,3574.45,1
2,0.0,1,16,0,0,14.0,1440,512,108,17.5,6,3574.45,1
1,4.0,1,16,1,0,15.6,1080,512,61,59.0,4,5719.45,2
1,4.0,1,8,0,0,15.6,1080,512,87,72.6,4,3821.95,2
4,0.0,1,4,0,0,14.1,1080,128,745,5.05,4,1209.45,1
1,4.0,1,16,0,0,15.6,1080,512,64,72.6,4,4965.95,2
2,0.0,1,8,1,0,15.6,1080,512,362,5.05,4,2254.45,1
1,4.0,1,16,0,0,15.6,1080,512,87,72.6,4,4069.45,2
2,0.0,1,8,0,0,14.0,1080,512,330,10.6,4,2474.45,1
3,0.0,1,8,0,1,14.0,1080,256,362,5.05,6,2749.45,1
2,0.0,0,8,0,0,15.6,1080,1000,187,5.05,4,2364.45,1
4,0.0,1,4,0,0,11.6,720,128,745,5.05,4,1374.94,1
4,0.0,1,4,0,1,11.6,720,128,745,5.05,4,1649.45,1
2,0.0,1,16,0,0,15.6,1080,512,64,102.0,4,3574.45,1
3,0.0,1,8,0,1,14.0,1080,512,108,17.5,6,3519.45,1
2,0.0,1,16,0,0,15.6,1080,512,64,102.0,4,3574.45,1
2,0.0,1,4,0,0,15.6,720,256,767,5.05,4,1484.45,1
3,0.0,1,8,0,1,14.0,1080,512,362,5.05,6,2914.45,1
2,0.0,1,8,0,0,15.6,1080,512,540,5.05,4,2144.45,1
2,0.0,1,16,0,0,14.0,1080,512,75,10.9,4,2914.45,1
2,0.0,0,8,0,0,15.6,720,1000,362,5.05,4,1924.45,1
2,0.0,1,8,0,0,15.6,1080,1256,362,5.05,4,2254.45,1
2,0.0,1,8,0,0,15.6,1080,512,87,102.0,4,3409.45,1
4,6.0,1,32,0,0,15.6,2160,1000,45,132.0,4,11450.45,1
2,0.0,0,4,0,1,14.0,720,64,767,5.05,5,1511.95,1
2,0.0,0,4,0,1,14.0,720,64,745,5.05,5,1511.95,1
2,4.0,1,16,0,1,15.6,2160,1000,61,72.6,4,8975.45,1
2,0.0,1,8,1,0,14.0,1080,512,87,102.0,4,3024.45,1
2,0.0,1,8,1,0,15.6,1080,512,87,102.0,4,3310.45,1
2,0.0,1,8,1,0,15.6,1080,512,87,102.0,4,3310.45,1
2,0.0,1,8,1,0,14.0,1080,512,87,102.0,4,3024.45,1
2,4.0,1,16,0,1,15.6,2160,1000,61,72.6,4,8975.45,1
2,0.0,1,8,1,0,15.6,1080,512,362,5.05,4,2447.45,1
4,0.0,1,16,0,0,15.6,1080,512,75,10.9,4,3018.95,1
4,0.0,1,4,0,0,15.6,1080,256,362,4.23,4,1979.34,1
1,4.0,1,8,0,0,15.6,1080,512,108,72.6,4,4014.45,1
2,0.0,1,8,0,1,14.0,1080,512,362,5.05,4,3079.45,1
4,0.0,0,8,0,0,14.0,1080,128,590,6.0,6,2144.45,1
1,4.0,1,16,1,0,15.6,1080,512,64,59.9,4,4289.45,1
1,4.0,1,8,0,0,15.6,1080,512,87,72.6,4,3849.45,1
3,0.0,1,8,0,1,14.0,1080,512,362,5.05,4,3244.45,1
2,0.0,1,4,0,0,11.6,720,256,745,5.05,4,1319.45,1
2,0.0,1,16,0,1,14.0,1080,512,61,17.5,4,4839.45,1
3,0.0,1,8,0,1,14.0,1080,512,87,102.0,4,3189.45,1
2,0.0,1,8,0,0,14.0,1080,512,362,5.05,4,2364.45,1
2,0.0,1,16,0,1,14.0,1080,512,108,17.5,4,4135.45,1
3,0.0,1,16,0,1,14.0,1080,512,61,17.5,4,5499.45,1
2,0.0,1,8,1,0,15.6,1080,512,180,83.3,4,2573.45,1
2,0.0,1,8,1,0,15.6,1080,512,540,5.05,4,2254.45,1
2,0.0,1,8,1,0,14.0,1080,512,362,5.05,4,2364.45,1
2,0.0,1,8,1,0,15.6,1080,512,560,102.0,4,2254.45,1
2,0.0,1,8,0,0,15.6,1080,1256,540,5.05,4,2254.45,1
4,6.0,1,16,0,0,16.1,1080,1000,38,132.0,7,8551.95,1
4,0.0,1,4,0,0,14.0,720,256,540,5.05,4,2144.45,2
1,4.0,1,16,1,0,16.1,1080,512,64,59.0,4,5746.95,1
1,0.0,1,16,1,0,16.1,1080,1000,64,70.2,4,6902.5,1
4,0.0,0,8,0,0,15.6,720,1000,362,4.23,4,2238.45,1
4,0.0,0,8,0,0,15.6,720,1000,560,102.0,4,2089.45,1
1,4.0,1,8,1,0,15.6,1080,512,64,72.6,4,4619.45,2
1,4.0,1,8,1,0,15.6,1080,512,187,59.9,4,3409.23,2
4,0.0,1,8,0,0,15.6,1080,512,362,4.23,4,2375.95,1
1,4.0,1,16,1,0,14.0,1440,1000,64,72.6,4,6324.45,1
1,6.0,1,16,1,0,17.3,1080,1000,64,132.0,7,7369.45,2
2,0.0,1,8,0,0,14.0,720,256,745,5.05,4,1814.45,1
3,0.0,1,16,0,1,13.3,1080,512,64,102.0,4,4399.89,1
3,0.0,0,4,0,1,13.3,1080,256,676,4.23,4,2975.5,1
1,4.0,1,16,0,0,17.3,1080,516,61,72.6,4,5279.45,1
4,0.0,1,8,0,0,15.6,720,512,108,4.23,4,4908.8,1
1,8.0,1,16,0,0,15.6,1440,1000,38,168.0,7,14299.45,1
1,8.0,1,16,0,0,15.6,1440,1000,38,154.0,4,9899.45,1
2,0.0,0,4,0,0,14.0,1080,128,590,6.0,6,2034.45,1
1,6.0,1,16,1,0,15.6,1080,1000,45,132.0,4,7974.45,2
4,0.0,0,4,0,0,14.0,720,1000,187,4.23,4,2612.45,1
1,4.0,1,16,1,0,16.1,1080,1000,61,59.0,4,6544.45,1
1,4.0,1,16,1,0,16.1,1080,1000,61,72.6,4,6434.45,1
4,0.0,0,4,0,0,15.6,720,1000,873,5.05,4,1646.7,1
1,4.0,1,8,1,0,15.6,1080,512,61,72.6,4,4784.45,2
4,0.0,1,8,0,0,15.6,1080,512,330,102.0,4,2880.9,1
4,0.0,1,8,0,0,14.0,1080,512,540,4.23,4,2942.44,1
2,0.0,1,8,0,0,15.6,1080,256,362,5.05,4,2694.45,1
2,0.0,0,4,0,0,11.6,720,128,745,1.53,4,1474.0,1
4,0.0,1,8,0,0,15.6,1080,256,362,4.23,4,2574.0,1
2,0.0,1,16,0,0,15.6,1080,512,87,102.0,4,3409.45,1
2,0.0,1,16,0,0,15.6,1080,512,87,102.0,4,3409.45,1
2,0.0,0,4,0,0,11.6,720,64,745,1.53,4,1209.45,1
2,0.0,0,8,0,0,15.6,1080,1000,540,5.05,4,1759.45,1
2,0.0,0,4,0,0,11.6,720,64,745,1.53,4,1209.45,1
2,0.0,1,8,0,0,14.0,720,256,674,4.23,4,1759.45,1
2,2.0,1,16,0,1,14.0,1080,512,108,33.8,6,6324.45,1
1,4.0,1,16,0,0,15.6,1080,1000,64,72.6,7,6324.45,1
1,16.0,1,32,1,0,15.6,1440,1000,4,233.0,7,16609.45,1
1,4.0,1,16,0,0,15.6,1080,512,64,72.6,7,6269.45,1
2,0.128,1,16,0,0,14.0,1080,512,97,10.6,6,2804.45,1
1,4.0,1,16,1,0,15.6,1080,512,64,72.6,7,5994.45,1
1,4.0,1,16,1,0,15.6,1080,1000,64,72.6,7,6324.45,1
2,0.128,1,16,0,0,14.0,1080,512,97,10.6,6,2804.45,1
1,16.0,1,32,1,0,15.6,1440,2000,4,168.0,7,14574.45,1
2,4.0,1,16,0,0,14.0,1440,1000,48,72.6,4,5499.45,1
1,4.0,1,8,0,0,14.0,1440,1000,48,59.0,4,6407.5,1
1,4.0,1,8,0,0,14.0,1440,1000,48,72.6,4,5499.45,2
4,4.0,1,16,0,0,16.0,2160,1000,48,72.6,4,8964.45,1
2,0.0,1,16,0,0,13.3,1080,512,108,17.5,6,4399.45,1
2,0.0,1,16,0,1,14.0,1440,1000,48,102.0,6,7424.45,1
2,0.0,1,8,0,0,14.0,1080,1256,108,17.5,4,2749.45,1
2,0.0,1,16,0,0,13.3,1080,1000,61,17.5,6,5224.45,1
2,0.0,1,8,1,0,15.6,1080,512,540,5.05,4,2254.45,1
2,0.0,1,8,0,0,13.3,1080,512,108,17.5,6,3849.45,1
2,0.0,1,8,0,0,14.0,1080,256,362,5.05,4,1979.45,1
2,0.0,0,8,1,0,15.6,1080,1000,560,102.0,4,2894.76,1
2,0.0,1,8,0,0,14.0,720,256,873,5.05,4,1869.94,1
2,0.0,1,16,0,0,13.3,1080,512,108,17.5,5,4399.45,1
2,0.0,1,16,0,0,13.3,1080,512,61,17.5,6,4949.45,1
2,0.0,1,16,0,1,14.0,1440,1000,64,102.0,6,6319.5,1
2,0.0,1,8,1,0,14.0,1080,256,362,5.05,4,2309.95,1
1,4.0,1,8,0,0,16.1,1080,512,87,70.9,4,3745.5,1
4,0.0,0,4,0,0,15.6,1080,1000,873,2.13,4,1484.45,1
2,0.0,1,4,0,0,15.6,1080,256,362,5.05,4,1814.45,1
2,0.0,1,8,0,0,15.6,1080,512,362,5.05,4,2144.45,1
4,4.0,1,8,0,0,16.1,1080,512,108,132.0,4,4510.0,1
2,0.0,0,8,0,0,15.6,1080,1000,108,17.5,4,2694.45,1
4,0.0,1,4,0,0,14.0,720,256,560,102.0,4,1374.45,1
2,0.0,1,16,0,0,15.6,1080,512,108,17.5,4,3464.45,1
2,0.0,1,8,1,0,15.6,1080,512,362,5.05,4,2254.45,1
2,0.0,1,8,1,0,15.6,1080,512,187,5.05,4,2518.95,1
2,0.0,1,8,0,0,14.0,1080,512,108,17.5,4,2804.45,1
2,0.0,1,8,0,0,14.1,1080,512,362,5.05,4,2446.95,1
4,0.0,0,4,0,0,15.6,720,1000,745,1.53,4,1555.95,1
2,0.0,1,16,0,0,14.0,1080,1000,64,102.0,4,4014.89,1
4,0.0,1,8,0,0,14.0,1080,512,108,17.5,4,3299.94,1
1,4.0,1,8,1,0,15.6,1080,512,108,72.6,4,4124.45,2
2,0.0,1,8,0,0,14.0,1080,256,87,102.0,4,2749.45,2
2,0.0,1,8,0,0,15.6,1080,256,362,5.05,4,2199.95,1
1,6.0,1,16,1,0,15.6,1080,512,64,132.0,4,6324.45,2
1,4.0,1,16,1,0,15.6,1080,512,108,59.0,4,4729.45,2
1,4.0,1,16,1,0,15.6,1080,512,61,59.0,4,5499.45,1
1,4.0,1,16,0,0,15.6,1080,512,61,59.0,4,5224.45,2
1,4.0,1,16,1,0,15.6,1080,512,61,59.0,4,5499.45,1
2,0.0,1,8,0,0,15.6,1080,512,24,102.0,4,3849.45,2
2,0.0,1,8,0,0,15.6,1080,512,362,4.23,4,2336.95,2
2,0.0,1,8,1,0,15.6,1080,512,108,17.5,4,3024.45,1
2,0.0,1,8,0,0,15.6,1080,512,108,17.5,4,3189.45,1
2,0.0,0,8,1,0,15.6,1080,1000,108,17.5,4,2749.45,1
4,0.0,1,8,0,0,15.6,1080,512,560,102.0,4,1979.45,1
4,0.0,1,8,1,0,15.6,1080,512,362,5.05,4,2336.95,1
2,0.0,1,4,1,0,15.6,1080,512,560,102.0,4,1869.94,1
2,0.0,1,8,0,0,14.0,1080,512,362,5.05,4,2364.45,1
2,0.0,1,16,0,1,13.3,1080,512,108,17.5,6,4839.45,1
4,0.0,0,8,0,0,15.6,1080,1000,540,5.05,4,2144.45,1
2,0.0,1,16,0,1,14.0,1440,512,87,102.0,6,5054.5,1
2,0.0,1,8,0,0,14.0,1080,512,362,5.05,4,2364.45,1
3,0.0,0,4,0,1,13.3,1080,128,873,5.05,6,2364.45,1
3,0.0,1,8,0,1,13.3,1080,256,873,5.05,6,3024.45,1
2,0.0,1,16,0,1,13.3,1080,512,61,17.5,6,5774.45,1
2,2.0,1,16,0,1,14.0,1080,1000,61,33.8,6,7424.45,1
2,0.0,1,8,0,1,14.0,1080,512,108,17.5,6,5499.45,1
2,0.0,1,8,0,0,14.0,1080,512,362,5.05,4,2364.45,1
2,0.0,1,16,0,1,13.3,1080,512,108,17.5,6,4839.45,1
2,0.0,1,8,0,0,14.0,1080,512,362,5.05,4,2364.45,1
2,0.0,1,4,0,0,14.0,1080,256,674,1.53,4,1649.45,1
2,2.0,1,16,0,1,14.0,1080,512,108,33.8,6,6324.45,1
2,0.0,1,8,0,1,14.0,1080,512,108,17.5,6,5499.45,1
2,2.0,1,16,1,0,15.6,1080,512,108,17.5,4,3959.45,1
4,4.0,1,16,0,0,15.6,1080,512,187,59.9,4,3794.45,1
4,0.0,1,16,0,0,14.0,1080,512,108,4.23,4,3961.76,1
4,0.0,1,8,0,0,15.6,1080,512,87,102.0,4,2639.45,1
2,0.0,1,8,0,0,15.6,1080,512,87,102.0,4,2639.45,1
2,0.0,1,8,0,0,15.6,1080,512,362,5.05,4,2309.45,1
4,0.0,1,8,0,0,15.6,1080,512,108,4.23,4,3079.94,1
2,4.0,1,16,1,0,14.0,1080,512,64,59.9,4,4399.45,2
1,0.0,1,16,1,0,14.0,1080,512,64,59.9,4,4399.45,2
1,0.0,1,16,0,0,14.0,1440,512,108,17.5,4,3629.45,1
4,0.0,1,8,0,0,15.6,720,1256,540,4.23,4,2254.45,1
2,4.0,1,16,0,0,14.0,1080,1000,64,59.0,4,5499.45,1
2,0.0,1,8,0,1,14.0,1080,512,108,17.5,4,4124.45,1
2,0.0,1,8,1,0,15.6,1080,1000,540,5.05,4,1869.45,1
2,2.0,1,8,0,0,15.6,1080,512,108,16.5,4,4729.45,2
1,6.0,1,16,1,0,15.6,1080,1000,45,132.0,4,7699.45,2
1,8.0,1,32,1,0,15.6,1080,1000,45,154.0,4,9349.45,2
4,0.0,1,4,1,0,15.6,1080,256,674,4.23,4,1979.45,1
4,0.0,1,4,0,0,14.0,1080,256,540,4.23,4,1896.95,1
4,0.0,1,16,0,0,15.6,1080,1256,362,4.23,4,2804.94,1
4,0.0,1,8,0,0,15.6,1440,256,362,4.23,4,2084.45,1
1,4.0,1,16,1,0,17.3,1080,512,64,72.6,4,4399.45,1
2,0.0,1,8,1,0,15.6,1080,512,108,17.5,4,3129.5,1
2,0.0,1,8,0,0,14.0,720,256,745,5.05,4,1726.45,1
2,0.0,1,8,1,0,14.0,1080,512,330,102.0,4,2199.45,1
2,2.0,1,8,1,0,14.0,1080,512,108,16.5,4,3051.95,1
2,0.0,1,8,1,0,15.6,1080,256,330,102.0,4,2446.95,1
2,0.0,1,16,1,0,14.0,1080,512,108,17.5,4,3904.45,1
1,6.0,1,16,0,0,15.6,1440,1000,38,132.0,4,7754.45,1
2,0.0,1,8,0,0,13.3,1080,512,108,17.5,6,4399.45,1
2,0.0,1,4,1,0,14.0,1080,1256,362,5.05,4,2424.95,1
1,8.0,1,32,0,0,15.6,1440,1000,38,168.0,7,15399.45,1
2,2.0,1,16,1,0,14.0,1080,512,108,16.5,4,3326.95,1
2,0.0,1,8,1,0,15.6,1080,1256,108,5.05,4,3293.95,1
2,0.0,1,8,1,0,14.96,1080,256,540,5.05,4,2089.45,1
2,0.0,1,8,1,0,14.96,1080,256,362,5.05,4,2144.45,1
1,10.0,1,16,0,0,15.6,1080,1000,48,78.1,4,7149.45,1
2,0.0,1,8,1,0,15.6,1080,512,87,102.0,4,2859.45,1
2,0.0,1,8,1,0,15.6,1080,256,560,102.0,4,2232.45,1
4,0.0,0,8,0,0,15.6,1080,1000,540,4.23,4,2089.95,1
2,0.0,1,8,1,0,15.6,1080,512,330,102.0,4,2144.45,1
2,0.0,1,8,1,0,15.6,1080,512,540,5.05,4,2034.45,1
2,0.0,1,4,1,0,14.0,1080,256,540,5.05,4,1759.45,1
4,0.512,1,8,0,0,15.6,1080,512,108,4.23,4,4949.89,1
2,0.0,1,8,1,0,14.0,1080,512,87,102.0,4,2639.45,1
1,4.0,1,16,1,0,16.0,2160,1000,110,72.6,4,7177.5,1
4,0.0,1,8,1,0,15.6,1080,1256,362,4.23,4,2694.45,1
2,0.0,1,8,0,0,14.0,1080,512,108,5.05,4,2584.45,1
2,2.0,1,8,0,0,14.0,1080,512,61,33.8,4,4234.45,1
3,0.0,1,8,0,1,14.0,1080,256,362,5.05,4,2969.45,1
3,0.0,1,8,0,1,14.0,1080,512,362,5.05,6,2914.45,1
3,0.0,1,8,0,1,14.0,1080,512,108,17.5,6,3519.45,1
3,0.0,1,8,0,1,14.0,1080,256,362,5.05,6,2749.45,1
4,0.0,1,8,0,0,14.0,720,512,560,102.0,4,2430.45,1
2,0.0,1,8,0,0,14.1,1080,256,873,5.05,4,2006.95,1
2,0.0,1,8,0,0,14.0,1080,256,873,5.05,4,1869.45,1
4,0.0,0,4,0,0,15.6,720,1000,540,4.23,4,2090.0,1
4,4.0,1,16,1,0,15.6,1080,512,64,59.9,4,4102.45,1
2,0.0,0,4,0,0,15.6,1080,1000,362,4.23,4,2034.94,1
1,4.0,1,16,0,0,16.0,1080,512,178,59.9,4,4379.1,1
4,0.0,1,8,0,0,14.0,720,512,61,4.23,4,6577.94,1
2,0.0,1,16,1,1,13.3,1080,1000,87,102.0,6,4398.79,1
2,0.0,1,16,0,0,15.6,1080,512,108,17.5,4,3767.39,1
2,0.0,1,8,1,0,15.6,1080,512,540,4.23,4,2012.94,1
4,0.0,1,16,0,0,14.22,1080,512,61,4.23,4,4729.94,1
4,0.0,1,8,0,0,14.0,1080,512,362,4.23,4,2226.95,1
1,6.0,1,16,1,0,16.1,1080,1000,61,132.0,4,7369.45,1
4,0.0,1,8,0,0,15.6,1080,512,362,5.05,4,2292.95,2
4,0.0,1,8,0,0,15.0,1080,256,362,5.05,4,2281.95,1
4,0.0,1,8,0,0,15.6,1080,1256,108,4.23,4,3299.45,1
2,0.0,1,8,0,0,14.0,1080,256,108,17.5,4,4234.45,1
2,0.0,1,8,0,0,14.0,1080,256,108,17.5,4,4234.45,1
2,0.0,1,8,1,0,15.6,1080,256,362,4.23,4,2199.34,1
2,0.0,1,8,0,0,16.0,1440,512,108,17.5,4,4784.45,1
4,0.0,1,8,1,0,15.6,1080,512,330,102.0,4,2364.45,1
1,4.0,1,16,1,0,15.6,1080,512,48,59.0,4,5389.45,1
2,0.0,1,4,1,0,15.6,1080,256,362,5.05,4,1924.94,1
1,6.0,1,16,0,0,15.6,1440,1000,48,132.0,4,7479.45,1
4,0.0,0,4,0,0,15.6,1080,1000,873,5.05,5,1539.45,1
2,0.0,1,8,1,0,15.6,1080,512,108,17.5,4,3189.45,1
2,0.0,1,8,0,0,14.1,1080,512,362,5.05,4,2199.45,2
4,0.0,1,16,0,1,17.3,1080,512,108,17.5,4,3174.05,2
1,6.0,1,16,0,0,14.0,1440,1000,34,132.0,4,7259.45,1
4,0.0,0,8,0,0,15.6,1080,1000,362,4.23,4,2419.45,1
2,0.0,1,8,0,0,14.0,1080,256,108,5.05,4,2584.45,2
2,0.0,1,8,1,0,15.6,1080,512,560,102.0,4,2391.95,1
2,0.0,1,8,1,0,14.96,1080,512,362,5.05,4,2501.95,1
2,0.0,1,8,1,0,15.6,1080,1256,362,5.05,4,2694.45,1
2,0.0,1,8,1,0,14.0,1080,1256,108,17.5,4,3222.45,1
3,0.0,1,8,1,1,14.0,1080,512,87,102.0,4,3876.95,1
2,0.0,1,8,1,0,14.0,1080,512,540,4.23,4,2254.45,1
2,0.0,0,8,1,0,15.6,1080,1000,540,5.05,4,2171.95,1
2,0.0,1,8,1,0,14.0,1080,512,87,102.0,4,3271.95,1
2,0.0,0,8,1,0,14.96,1080,1000,362,5.05,4,1869.45,1
2,0.0,1,8,1,0,14.0,1080,512,560,102.0,4,2144.45,1
2,2.0,1,8,1,0,15.6,1080,1256,108,5.05,4,3656.95,1
2,0.0,0,8,1,0,15.6,1080,1000,560,102.0,4,2056.45,1
2,2.0,1,8,1,0,15.6,1080,512,108,5.05,4,3629.45,1
2,0.0,1,8,1,0,14.96,1080,256,560,102.0,4,1924.45,1
2,0.0,1,8,1,0,15.6,1080,1256,362,5.05,4,2446.95,1
3,0.0,1,8,1,1,14.0,1080,512,108,17.5,4,4124.45,1
2,2.0,1,16,1,0,15.6,1080,512,108,33.8,4,4107.95,1
4,0.0,0,8,0,0,15.6,720,1000,63,102.0,4,2198.9,1
4,0.0,1,8,0,0,15.6,1080,512,87,102.0,4,2694.45,1
4,0.0,0,8,1,0,14.1,720,1000,540,5.05,4,1704.94,1
2,0.0,1,4,1,0,15.6,1080,256,540,4.23,4,2199.95,1
2,0.0,1,8,0,0,14.0,1080,512,108,5.05,4,3024.45,2
2,0.0,1,8,0,0,15.6,720,512,362,5.05,4,2309.45,1
3,0.0,1,8,0,0,14.0,1080,512,362,5.05,4,3079.45,1
2,0.0,1,8,0,0,15.6,1080,512,108,17.5,4,2969.45,1
2,0.0,1,8,1,0,15.6,1080,512,362,5.05,4,2309.45,1
2,0.0,1,8,0,0,15.6,720,512,362,5.05,4,2309.45,1
2,0.0,1,16,0,1,13.5,1080,512,108,17.5,6,6159.94,1
2,0.0,1,8,1,0,15.6,1080,512,87,102.0,4,2611.95,1
2,0.0,1,8,1,0,14.0,1080,256,362,5.05,4,2199.45,1
2,0.0,1,16,0,0,14.0,1080,512,61,17.5,6,4674.45,1
2,0.0,1,8,0,0,14.0,1080,512,362,5.05,4,2089.45,1
2,0.0,1,8,0,0,14.0,1080,512,108,5.05,4,3381.95,1
3,2.0,1,8,1,1,14.0,1080,512,108,17.5,4,4316.95,1
2,0.0,1,8,1,0,15.6,1080,512,108,5.05,4,3381.95,1
3,0.0,1,16,1,1,14.0,1080,512,64,102.0,4,4674.45,1
2,0.0,0,8,1,0,14.96,1080,1000,560,102.0,4,2171.95,1
2,0.0,1,8,1,0,15.6,1080,512,540,5.05,4,2639.45,1
2,0.0,1,8,1,0,15.6,1080,1256,330,83.3,4,3190.0,1
3,0.0,1,8,1,1,14.0,1080,512,362,5.05,4,3326.95,1
2,0.0,1,8,1,0,15.6,1080,1256,108,5.05,4,3408.35,1
2,0.0,1,8,0,0,15.6,1080,256,560,102.0,4,2166.45,1
3,0.0,1,8,1,1,14.0,1080,512,108,17.5,4,3959.45,1
2,0.0,1,4,1,0,15.6,1080,256,873,5.05,4,1980.0,1
2,0.0,1,4,1,0,14.0,1080,1256,362,5.05,4,1979.94,1
2,0.0,1,8,1,0,15.6,1080,256,108,5.05,4,3079.45,1
3,0.0,1,8,1,1,14.0,1080,256,362,5.05,4,2639.45,1
3,0.0,1,16,1,1,14.0,1080,512,108,17.5,4,4943.95,1
2,0.0,1,4,1,0,14.0,1080,1256,540,4.23,4,1924.45,1
2,0.0,1,8,1,0,14.0,1080,256,330,102.0,4,2446.95,1
2,0.0,1,8,1,0,15.6,1080,512,87,102.0,4,3575.0,1
2,0.0,1,8,1,0,14.96,1080,256,362,5.05,4,2309.45,1
2,0.0,1,8,1,0,15.6,1080,256,560,102.0,4,2171.95,1
2,0.0,1,8,1,0,14.96,1080,1256,560,102.0,4,2419.45,1
2,0.0,1,16,1,0,15.6,1080,512,108,17.5,4,3849.45,1
2,0.0,1,8,1,0,15.6,1080,1256,362,5.05,4,2694.45,1
2,0.0,1,8,1,0,15.6,1080,512,330,102.0,4,2749.45,1
2,0.0,1,16,0,0,17.3,1080,512,108,17.5,4,3126.75,1
4,2.0,1,16,0,0,15.6,1080,512,108,132.0,4,4043.54,1
4,0.0,1,8,0,0,15.6,1080,512,362,5.05,4,2801.7,2
4,4.0,1,8,1,0,15.6,1080,512,187,41.8,4,4179.45,1
4,0.0,1,8,0,0,15.6,1080,1256,330,10.6,4,2859.45,1
4,0.0,1,8,1,0,15.6,1080,1256,108,4.23,4,3299.45,1
2,0.0,0,8,0,0,14.0,720,1000,362,5.05,4,1979.45,1
2,0.0,1,8,0,0,15.6,1080,1256,108,17.5,4,2859.45,1
2,0.0,1,16,0,0,14.0,1080,512,108,17.5,4,3079.45,1
2,0.0,1,16,0,0,14.0,1080,512,108,17.5,4,3079.45,1
2,0.0,1,8,0,0,15.6,1080,256,362,5.05,4,2639.45,1
2,0.0,1,16,0,0,14.0,1080,512,108,17.5,4,3079.45,1
2,0.0,1,8,0,0,15.6,1080,1256,87,102.0,4,3244.45,1
2,0.0,1,8,0,0,15.6,1080,1256,87,102.0,4,3244.45,1
4,0.0,0,8,0,0,15.6,1080,1000,362,4.23,4,2336.95,1
2,0.0,1,8,0,0,15.6,1080,512,362,5.05,4,2804.45,1
2,0.0,1,16,0,0,15.6,1080,1256,108,17.5,4,3849.45,1
2,0.0,1,8,0,0,15.6,1080,256,362,5.05,4,2089.45,1
4,0.0,1,16,0,1,14.0,1080,512,61,17.5,4,4765.64,1
3,0.0,1,16,0,1,13.3,1080,512,110,102.0,4,5995.0,1
4,0.0,1,8,0,0,14.0,720,256,540,5.05,4,1808.95,1
4,0.0,0,4,0,0,15.6,720,1000,540,4.23,4,1905.7,1
2,0.0,1,8,0,0,14.0,720,256,540,5.05,4,1786.9,2
2,0.0,1,8,1,0,14.0,1080,256,362,5.05,4,1923.84,2
4,4.0,1,16,0,0,15.6,1080,1000,24,72.6,4,4949.45,1
1,6.0,1,16,1,0,15.6,1080,1000,45,132.0,4,7699.45,1
1,4.0,1,8,0,0,15.6,1080,512,87,59.9,4,3244.45,1
3,0.0,1,8,0,1,14.0,1080,256,362,5.05,4,2771.45,1
4,0.0,0,8,0,0,15.6,1080,1000,560,10.6,4,2419.45,1
3,0.0,1,16,1,1,13.5,1440,1000,61,4.23,6,8414.94,1
2,0.0,1,16,1,0,13.3,1080,1000,64,102.0,4,4388.45,1
2,0.0,1,16,0,0,13.3,1080,512,87,5.05,4,3563.45,1
1,4.0,1,16,0,0,15.6,1080,512,64,72.6,4,4399.45,1
2,0.0,1,8,0,0,14.0,1080,512,108,5.05,4,3117.95,1
1,4.0,1,16,0,0,15.6,1080,512,61,72.6,4,4839.45,1
4,0.0,1,8,1,0,14.0,1080,256,108,17.5,4,3321.45,1
1,8.0,1,16,0,0,16.1,1440,1000,61,154.0,4,9459.45,1
1,4.0,1,8,0,0,15.6,1080,512,87,72.6,4,3849.45,1
2,0.0,1,8,1,0,14.0,1080,512,108,17.5,4,3214.75,1
2,0.0,1,16,0,0,14.0,1080,512,108,17.5,4,3628.35,1
1,4.0,1,8,0,0,14.96,1080,512,87,72.6,4,5360.74,1
2,0.0,1,8,1,0,15.6,1080,512,108,17.5,4,3409.45,1
4,4.0,1,16,1,0,14.0,1440,1000,48,72.6,4,6049.45,2
2,0.0,1,8,0,0,15.6,1080,1256,61,4.23,4,4537.5,1
4,0.0,0,4,0,0,15.6,1080,1000,540,5.05,4,1924.45,2
4,0.0,1,8,0,0,15.6,1080,1256,108,4.23,4,3299.45,2
1,6.0,1,16,0,0,16.0,1440,1000,45,132.0,4,9899.45,1
4,0.0,1,8,0,0,15.6,1080,256,362,4.23,4,2061.95,2
4,2.0,1,8,1,0,15.6,1080,512,187,5.05,4,3024.94,1
4,0.0,1,8,0,0,14.1,1080,512,540,4.23,4,2350.7,1
4,0.0,1,8,0,0,15.6,1080,1000,330,10.6,4,3184.5,1
2,0.0,1,16,0,0,14.0,1080,512,97,10.6,6,2804.45,1
2,0.0,1,8,0,0,14.0,1080,256,362,5.05,4,2144.45,1
2,0.0,1,8,0,0,14.0,1080,256,540,5.05,6,1649.45,1
2,0.0,1,8,0,0,14.0,1080,512,187,5.05,6,2199.45,1
2,0.0,1,8,0,0,14.0,1080,256,540,5.05,6,1649.45,1
2,0.0,1,8,0,0,14.0,1080,512,187,5.05,6,2199.45,1
2,0.0,1,8,0,0,14.0,1080,256,540,5.05,6,1649.45,1
4,0.0,1,16,0,0,13.3,1080,512,77,10.6,4,4179.45,2
4,0.0,1,8,0,0,15.6,1080,512,362,4.23,4,2528.9,1
2,0.0,0,8,1,0,15.6,1080,1000,362,5.05,4,2281.95,1
2,0.0,1,8,0,0,14.0,1080,512,87,102.0,4,2666.95,1
2,0.0,1,16,0,0,17.3,1080,1256,108,17.5,4,3464.45,1
4,4.0,1,16,1,0,14.0,1440,512,64,72.6,4,4949.45,2
2,0.0,1,8,1,0,14.1,1080,1256,362,5.05,4,2138.95,2
2,0.0,1,16,0,0,14.0,1080,512,64,102.0,4,3739.45,1
4,0.0,1,4,0,0,15.6,720,256,745,1.53,4,1539.45,1
2,0.0,1,16,1,0,14.0,1080,512,108,17.5,4,3629.45,1
4,0.0,0,4,0,0,11.6,720,64,745,1.53,5,1044.45,1
1,4.0,1,8,1,0,15.6,1080,512,87,59.9,4,3354.45,2
2,0.0,1,8,1,0,15.6,1080,256,362,5.05,4,2144.45,1
2,0.0,1,4,0,0,14.0,1080,256,362,5.05,4,1869.45,1
2,0.0,1,8,0,0,14.0,1080,512,187,5.05,4,2584.45,1
2,0.0,1,8,1,0,15.6,1080,256,362,5.05,4,2336.95,1
2,0.0,1,4,1,0,14.0,1080,1256,362,5.05,4,2424.95,1
2,0.0,1,16,1,0,14.0,1080,512,108,17.5,4,3854.95,1
2,0.0,1,8,1,0,14.0,1080,512,330,83.3,4,2694.45,1
2,0.0,1,8,0,0,14.0,1080,256,540,5.05,4,1759.45,1
4,0.0,0,8,1,0,15.6,720,1000,362,5.05,4,1968.45,2
2,0.0,1,8,0,0,14.0,1080,512,540,5.05,4,2584.45,1
2,0.0,1,8,0,0,14.0,1080,512,97,5.05,4,3189.45,1
2,0.0,1,16,0,0,14.0,1080,512,108,17.5,6,4124.45,1
1,6.0,1,16,1,0,15.6,1080,512,108,132.0,4,4674.45,1
2,0.0,1,4,0,0,15.6,1080,512,540,5.05,4,1924.45,1
1,0.0,1,16,0,0,15.6,1080,512,97,10.6,4,3189.45,1
2,0.0,1,8,0,0,15.6,1080,512,540,5.05,4,2144.45,1
1,0.0,1,16,0,0,15.6,1080,512,97,10.6,4,3189.45,1
2,0.0,1,8,0,0,15.6,1080,512,540,5.05,4,2144.45,1
4,0.0,0,8,0,0,15.0,1080,1000,108,4.23,4,3244.45,1
1,4.0,1,8,1,0,15.6,1080,512,87,59.9,4,4130.44,2
2,0.0,1,8,0,0,15.6,720,512,362,5.05,4,2364.45,1
4,0.0,0,8,1,0,15.6,720,1000,362,5.05,4,1979.45,2
4,0.0,1,8,1,0,15.6,1080,256,362,4.23,4,2722.5,1
2,0.0,1,8,1,0,14.1,1080,256,560,102.0,4,1869.45,2
1,4.0,1,16,0,0,14.0,1440,1000,48,59.0,4,7699.45,2
4,0.0,0,8,0,0,15.6,1080,1000,362,5.05,4,2199.84,1
2,0.0,1,8,0,0,14.0,1080,512,108,17.5,6,3299.45,1
2,0.0,1,16,1,0,14.0,1080,512,87,102.0,4,3299.94,1
4,2.0,1,16,0,0,12.0,1080,512,97,16.5,4,9350.0,1
2,0.0,1,8,1,0,15.6,1080,512,108,17.5,4,3464.45,1
2,0.0,1,8,0,0,14.0,1080,512,64,102.0,4,3051.95,1
1,4.0,1,8,0,0,14.0,1440,1000,110,59.9,4,4476.94,2
1,6.0,1,16,1,0,15.6,1080,1000,64,132.0,4,7589.45,1
3,0.0,1,16,0,1,13.3,1080,512,64,102.0,4,4289.45,1
1,4.0,1,8,0,0,14.0,1080,1000,110,59.9,4,4234.45,2
1,4.0,1,8,0,0,14.0,1080,1000,24,59.9,4,4784.45,2
2,0.0,1,4,0,0,14.0,720,256,745,5.05,4,1688.44,1
4,0.0,0,4,0,0,15.6,1080,1000,745,5.05,4,1649.94,1
1,8.0,1,16,0,0,15.6,1440,1000,61,154.0,4,6599.45,1
2,0.0,0,8,1,0,15.6,1080,1000,540,5.05,4,2254.45,1
1,4.0,1,16,0,0,15.6,1080,512,108,59.0,4,4014.45,1
2,0.0,1,16,1,1,13.3,1080,512,87,102.0,6,4113.89,1
2,0.0,1,4,1,0,15.6,1080,256,362,5.05,4,2419.45,1
2,0.0,1,16,0,0,14.2,1440,1000,36,33.0,8,12429.45,1
1,4.0,0,8,0,0,15.6,1080,1000,187,59.9,4,3464.45,1
1,4.0,1,8,1,0,15.6,1080,512,64,59.9,4,4179.45,1
1,4.0,1,16,0,0,15.6,1080,1256,64,59.0,4,4454.45,1
3,0.0,1,16,1,1,13.5,1080,1000,61,4.23,6,7094.45,1
2,0.0,1,8,0,1,14.0,1080,512,362,5.05,4,3299.45,1
2,0.0,1,16,0,0,14.0,1080,512,87,102.0,4,3293.95,1
4,0.0,1,8,0,0,15.6,720,256,540,5.05,4,2414.5,1
1,4.0,1,8,0,0,15.6,720,512,110,59.9,4,4124.45,1
2,0.0,1,4,0,0,15.6,1080,256,362,5.05,4,2061.95,1
4,0.0,1,4,0,0,12.0,1080,256,540,4.23,4,2128.5,1
4,0.0,1,4,0,0,15.6,720,256,579,102.0,4,1759.45,1
4,0.0,1,4,0,0,15.6,1080,256,540,4.23,4,2254.45,1
2,0.0,1,8,1,0,15.6,1080,256,540,5.05,4,2342.45,1
4,0.0,0,8,0,0,15.6,1080,1000,362,4.23,4,2359.5,1
4,0.0,0,4,0,0,14.0,1080,64,907,5.05,5,1374.45,1
1,4.0,1,8,1,0,15.6,1080,512,87,72.6,4,4619.45,1
1,8.0,1,16,0,0,16.1,1440,1000,48,70.2,4,7644.45,1
2,2.0,1,8,1,0,15.6,1080,1256,108,16.5,4,3104.7,1
4,0.0,1,16,0,0,15.6,1080,512,108,4.23,4,3822.5,1
1,6.0,1,16,1,0,15.6,1080,1000,61,132.0,4,7424.45,2
2,2.0,1,8,1,0,15.6,1080,1256,108,17.5,4,3905.0,1
2,0.0,1,8,1,0,14.0,1080,512,108,17.5,4,2529.45,1
2,0.0,1,16,1,0,14.0,1080,512,108,17.5,4,2749.45,1
2,0.0,1,8,1,0,14.0,1080,256,362,5.05,4,2309.45,1
3,2.0,1,8,1,1,14.0,1080,512,108,17.5,4,4564.45,1
2,0.0,1,16,1,0,14.0,1080,512,108,17.5,4,3909.95,1
3,0.0,1,8,1,1,14.0,1080,512,108,17.5,4,4069.45,1
2,0.0,0,8,1,0,14.96,1080,1000,540,5.05,4,2276.45,1
1,4.0,1,16,1,0,15.6,1080,512,87,72.6,4,4591.95,1
2,0.0,1,8,1,0,15.6,1080,1256,540,5.05,4,2578.95,1
2,0.0,1,4,1,0,15.6,720,256,579,102.0,4,2117.45,1
2,0.0,1,8,0,1,13.3,1080,512,108,17.5,6,5775.0,1
2,0.0,1,8,1,0,15.6,1080,1256,540,5.05,4,2446.95,1
2,0.0,1,8,1,0,15.6,1080,256,330,83.3,4,2336.95,1
2,0.0,1,8,0,0,14.0,720,512,187,5.05,4,2199.45,1
2,4.0,1,16,0,0,14.0,2160,512,108,70.9,4,4355.45,1
2,0.0,1,8,1,0,14.0,1080,512,108,17.5,4,3404.5,1
1,4.0,1,16,1,0,15.6,1080,512,61,59.0,4,5994.45,2
2,0.0,1,8,1,0,14.0,1080,1256,108,17.5,4,2749.45,1
3,2.0,1,16,0,1,14.0,1080,512,108,17.5,4,4454.45,1
2,0.0,1,8,1,0,15.6,1080,1256,362,5.05,4,2721.95,1
3,0.0,1,16,1,1,13.5,1080,512,108,4.23,6,6379.45,1
2,0.0,0,8,0,0,15.6,1080,1000,187,5.05,4,2474.45,1
1,4.0,1,16,1,1,13.4,1080,1000,48,72.6,6,7314.45,2
2,0.0,1,8,0,0,15.6,1080,1256,87,102.0,4,3244.45,1
2,0.0,1,8,0,0,15.6,1080,256,362,5.05,4,2584.45,1
1,4.0,1,32,1,1,13.4,1080,1000,48,59.0,6,7864.45,2
1,4.0,1,16,0,0,15.6,1080,1000,48,59.0,4,6489.45,2
1,6.0,1,16,1,0,16.0,1440,1000,61,132.0,4,8524.45,1
2,0.0,1,16,0,0,15.6,1080,1256,108,17.5,4,3739.45,1
1,4.0,1,32,1,1,13.4,2160,1000,48,59.0,6,8634.45,2
1,4.0,1,16,1,0,16.0,1080,1000,61,72.6,4,7149.45,1
1,4.0,1,8,1,0,15.6,1080,512,87,59.9,4,4135.94,1
1,4.0,1,8,0,0,15.6,1080,512,108,59.9,4,3629.45,2
2,0.0,1,8,1,0,15.6,1080,512,108,17.5,4,2859.45,1
1,6.0,1,16,0,0,16.0,1440,1000,61,132.0,4,8689.45,1
2,0.0,1,4,0,0,14.0,720,256,907,5.05,4,1649.45,1
2,0.0,1,16,0,0,14.0,1080,512,108,5.05,4,3409.45,1
2,0.0,1,16,0,1,13.3,1080,512,87,102.0,4,4179.45,1
2,0.0,1,8,0,0,14.0,1080,256,540,5.05,4,1924.45,1
1,4.0,1,8,1,0,15.6,1080,1256,87,59.9,4,3354.45,2
4,0.0,1,8,0,0,15.6,720,256,540,5.05,4,2144.89,1
2,2.0,1,16,0,0,15.6,1080,512,108,33.8,4,5328.95,1
1,4.0,1,8,0,0,15.6,1080,512,342,59.9,4,3601.95,1
4,0.0,1,8,1,0,15.6,1080,512,108,17.5,4,2956.25,1
2,0.0,1,8,1,0,14.0,1080,512,87,102.0,4,3244.45,1
1,4.0,1,8,0,0,15.6,1080,512,108,72.6,4,4179.45,1
3,0.0,1,16,0,1,14.0,1080,512,61,17.5,4,4674.45,1
2,0.0,1,8,0,0,13.0,1440,512,108,17.5,4,3024.45,1
2,0.0,1,16,0,0,13.0,1440,512,108,17.5,4,3354.45,1
2,0.0,1,4,0,0,15.0,1080,256,362,5.05,4,2144.45,1
2,0.0,1,8,0,0,14.0,1080,512,87,102.0,4,3134.45,1
2,0.0,1,8,0,0,13.3,1440,1000,108,17.5,4,3244.45,1
2,0.0,1,16,0,0,13.0,1440,1000,61,17.5,5,4729.45,1
1,4.0,1,16,0,0,15.6,1080,512,61,72.6,4,5384.44,1
2,0.0,1,8,0,0,14.0,1080,512,108,17.5,4,3024.45,1
2,0.0,1,8,0,0,15.6,1080,512,362,5.05,4,2391.95,1
4,0.0,1,8,0,0,15.6,1080,256,540,5.05,4,2309.45,1
4,0.0,0,4,0,0,15.6,720,1000,560,102.0,4,1896.95,1
4,0.0,1,4,0,0,15.6,720,256,560,102.0,4,1759.45,1
2,0.0,1,8,0,0,15.6,1080,256,560,102.0,4,1869.45,1
2,2.0,1,16,0,0,14.0,1080,512,64,33.8,4,4421.45,1
2,2.0,1,16,0,0,14.0,1080,512,87,33.8,4,3574.45,1
2,2.0,1,16,0,0,13.3,1080,1000,61,33.8,4,5111.7,1
1,4.0,1,16,1,0,15.6,1080,512,61,72.6,4,6489.45,2
1,4.0,1,8,0,0,15.6,1080,512,108,59.9,4,3629.45,1
2,2.0,1,16,0,0,14.0,1080,512,108,33.8,4,3849.45,1
2,2.0,1,8,0,0,15.6,1080,512,187,16.5,4,2996.95,1
4,0.0,0,4,0,1,11.6,720,128,745,5.05,6,1566.95,1
2,0.0,1,8,0,0,15.6,1080,512,187,5.05,4,2529.45,1
1,4.0,1,16,1,0,15.6,1440,1512,61,59.0,4,5279.45,2
2,0.0,1,4,0,0,15.6,1080,256,362,5.05,4,1924.45,1
1,4.0,1,16,1,0,15.6,1440,1512,61,59.0,4,5279.45,2
2,0.0,1,4,0,0,15.6,1080,256,362,5.05,4,1924.45,1
2,0.0,1,8,0,0,14.0,1080,512,108,17.5,6,4014.45,1
2,0.0,1,8,0,0,15.6,1080,1256,108,17.5,4,2804.45,1
2,0.0,1,8,0,0,15.6,1080,256,352,102.0,4,1979.45,1
2,0.0,1,8,0,0,14.0,1080,1000,108,17.5,4,2474.45,1
2,0.0,1,8,0,0,15.6,1080,512,330,10.6,4,2446.95,1
2,0.0,1,8,0,0,15.6,1080,512,108,17.5,4,2914.45,1
2,0.0,1,8,0,0,15.6,1080,1256,108,17.5,4,2930.95,1
2,0.0,1,8,0,0,15.6,1080,1256,108,17.5,4,3024.45,1
1,4.0,1,8,0,0,15.6,1080,1000,64,72.6,4,5059.45,1
1,4.0,1,8,1,0,15.6,1080,512,110,59.9,4,4234.45,2
2,0.0,1,16,1,0,14.0,1080,1256,108,17.5,4,3436.95,1
3,0.0,1,8,1,1,14.0,1080,256,362,5.05,4,3849.45,1
2,0.0,0,4,0,0,14.0,720,1000,540,4.23,4,1925.0,1
2,0.0,1,8,0,0,15.6,1080,256,540,5.05,4,1924.45,1
4,0.0,0,4,0,0,11.6,720,64,745,5.05,5,879.45,1
1,4.0,1,16,1,0,15.6,1080,1000,48,59.0,4,7149.45,2
2,0.0,1,8,0,0,14.0,1080,512,187,5.05,4,2529.45,2
2,0.0,1,8,0,0,14.0,1080,512,362,5.05,4,2556.95,1
2,0.0,1,8,0,0,14.0,1080,512,61,17.5,4,3299.45,1
2,2.0,1,8,0,0,14.0,1080,512,61,33.8,4,4432.45,2
2,0.0,1,8,0,0,14.0,1080,512,108,5.05,4,2584.45,1
1,4.0,1,8,0,0,15.6,1080,1000,108,72.6,4,4179.45,1
1,4.0,1,8,0,0,17.3,1080,512,108,72.6,4,3959.45,1
1,4.0,1,16,0,0,15.6,1080,1000,61,72.6,4,5719.45,1
1,4.0,1,8,0,0,15.6,1080,1256,187,59.9,4,3464.45,1
1,4.0,1,8,0,0,15.6,1080,1256,206,59.9,4,3189.45,1
1,4.0,1,8,0,0,15.6,1080,512,97,59.9,4,3519.45,1
1,4.0,1,8,1,0,14.0,1440,1000,64,59.9,6,4124.45,2
1,4.0,1,16,0,0,15.6,1080,1256,97,59.9,4,3794.45,2
1,4.0,1,16,0,0,17.3,1080,512,61,72.6,4,5224.45,1
1,4.0,1,16,0,0,17.3,1080,512,64,72.6,4,4454.45,2
1,6.0,1,16,1,0,15.6,1440,1000,48,132.0,4,7699.45,2
1,4.0,1,16,0,0,15.6,1080,512,97,59.9,4,3739.45,1
4,0.0,1,8,0,0,15.6,1080,1024,87,10.6,4,2681.25,1
2,0.0,1,8,1,0,15.6,1080,512,362,5.05,4,2667.5,1
2,0.0,1,16,0,1,14.0,1080,512,108,17.5,4,4564.45,1
2,0.0,1,16,0,0,14.0,1080,512,108,17.5,4,3849.45,1
4,0.0,0,8,0,0,15.6,1080,1000,362,5.05,4,2282.5,1
2,0.0,1,8,0,0,15.6,1080,512,87,102.0,4,2620.75,1
1,4.0,1,16,1,0,15.6,1080,1000,48,59.0,4,6599.45,2
1,4.0,1,8,0,0,15.6,1080,512,187,72.6,4,3849.45,2
1,6.0,1,16,0,0,15.6,1080,1000,97,132.0,4,4564.45,2
2,0.0,1,8,1,0,15.6,1080,512,87,102.0,4,3079.45,1
2,0.0,1,16,1,0,15.6,1080,512,87,102.0,4,3767.5,1
1,4.0,1,16,0,0,15.6,1080,1000,61,72.6,4,4674.45,2
1,4.0,1,16,0,0,15.6,1080,512,97,72.6,4,4399.45,2
2,4.0,1,16,0,0,14.0,1080,1000,108,70.9,4,5455.45,1
1,8.0,1,16,0,0,15.6,1080,1000,64,70.2,4,5224.45,2
2,0.0,0,4,0,0,15.6,720,1000,540,5.05,4,1704.45,1
2,0.0,0,8,1,0,14.0,1080,1000,540,4.23,4,1808.95,1
1,6.0,1,16,1,0,15.6,1440,1512,61,132.0,4,6214.45,2
1,4.0,1,8,0,0,17.3,1080,1000,108,72.6,4,4565.0,2
2,0.0,1,16,0,1,13.3,1080,1000,64,102.0,4,5001.7,1
4,0.0,1,8,0,0,15.6,1080,256,362,5.05,4,2089.45,2
4,0.0,1,8,0,0,15.6,1080,512,108,17.5,4,2914.45,2
2,0.0,1,16,0,1,14.0,1080,1000,61,17.5,6,6599.45,1
2,0.0,1,8,0,0,15.6,1080,512,87,102.0,4,2914.45,1
1,4.0,0,8,1,0,15.6,1080,1000,187,59.9,4,3629.45,2
1,4.0,1,8,0,0,15.6,1080,512,61,72.6,4,4894.45,2
1,8.0,1,16,0,0,15.6,1440,1000,61,154.0,4,11400.95,2
1,6.0,1,16,0,0,15.6,1080,1000,48,132.0,4,8139.45,1
1,4.0,1,8,0,0,15.6,1080,512,64,72.6,4,4564.45,2
2,0.0,1,8,0,0,14.0,1440,512,108,17.5,4,3079.45,1
2,0.0,1,8,0,0,14.0,1440,256,362,5.05,4,2364.45,1
1,4.0,1,8,1,0,15.6,1080,512,64,59.9,4,4234.45,2
2,0.0,1,8,0,0,14.0,1440,512,108,17.5,4,3079.45,1
1,4.0,1,16,1,0,15.6,1080,512,61,59.9,4,4674.45,2
1,4.0,1,16,1,0,15.6,1080,512,108,132.0,4,4729.45,1
2,0.0,1,16,0,0,14.0,1080,512,108,17.5,4,3514.5,2
2,0.0,1,16,0,0,13.3,1080,512,87,102.0,4,3546.9,1
2,2.0,1,16,0,1,13.3,1080,512,108,33.8,4,4267.45,1
4,0.0,0,8,0,0,15.6,1080,1000,362,4.23,4,2391.95,1
2,0.0,0,4,1,0,14.1,1080,1000,540,5.05,4,1869.45,2
1,4.0,1,16,0,0,15.6,1080,512,61,59.0,4,5966.95,2
1,8.0,1,16,0,0,17.3,1080,1000,61,154.0,4,9899.45,2
1,6.0,1,16,1,0,15.6,1440,1000,61,132.0,4,7149.45,2
1,12.0,1,16,1,0,15.6,1440,1000,48,109.0,4,8524.45,1
1,4.0,1,8,1,0,15.6,1080,512,87,59.9,4,3189.45,2
1,4.0,1,8,1,0,15.6,1080,512,64,59.9,4,3904.45,2
4,2.0,1,8,0,0,15.6,1080,1256,108,16.5,4,3464.45,1
4,0.0,1,8,0,0,14.0,1080,256,540,4.23,4,2254.45,1
2,0.0,1,8,0,0,15.6,1080,512,108,17.5,4,2694.45,1
2,0.0,1,8,0,0,15.6,1080,256,362,5.05,4,2254.45,1
2,0.0,1,8,0,0,14.0,1080,512,87,102.0,4,2474.45,2
1,4.0,1,8,1,0,15.6,1080,1256,108,59.9,4,3739.45,2
2,0.0,1,16,0,0,13.3,1080,1000,64,102.0,6,4674.45,1
2,0.0,1,8,1,0,14.96,1080,256,362,5.05,4,2144.45,1
2,0.0,1,8,0,0,15.6,1080,512,87,7.0,4,2859.45,1
2,0.0,1,8,0,0,14.0,1080,512,87,7.0,6,3106.95,1
2,0.0,1,16,0,0,13.3,1080,512,87,102.0,6,4124.45,1
4,2.0,1,8,1,0,15.6,1080,1256,108,17.5,4,3800.44,1
2,0.0,0,8,1,0,14.0,1080,1000,362,5.05,4,2309.45,1
2,2.0,1,8,1,0,14.0,1080,512,108,16.5,4,2980.45,1
2,0.0,1,8,0,0,15.6,1080,512,108,17.5,4,3244.45,1
2,0.0,1,4,1,0,14.0,1080,1256,362,5.05,4,1924.45,1
2,0.0,1,16,0,0,13.3,1080,512,87,102.0,4,3624.5,1
2,0.0,1,8,1,0,15.6,1080,512,330,102.0,4,2248.95,1
1,4.0,1,8,0,0,15.6,1080,512,87,42.6,4,3821.95,2
2,0.0,1,8,0,0,15.6,1080,1256,108,5.05,4,3519.45,1
2,0.0,1,8,0,0,15.6,1080,256,108,17.5,4,3090.94,1
4,0.0,1,4,0,0,15.6,1080,256,362,4.23,4,2276.95,1
1,4.0,1,8,1,0,15.6,1080,512,97,59.9,4,4208.98,2
2,0.0,1,8,0,0,15.6,1080,512,540,5.05,4,2309.45,1
2,0.0,1,4,0,0,15.6,1080,512,540,5.05,4,2144.45,1
2,0.0,1,8,0,0,15.6,1080,512,187,5.05,4,2749.45,1
2,2.0,1,8,0,0,15.6,1080,512,187,9.95,4,2859.45,1
2,0.0,1,8,1,0,14.0,1080,1256,330,102.0,4,2914.45,1
2,0.0,1,8,1,0,14.0,1080,512,540,5.05,4,2254.45,1
4,0.0,1,4,0,0,14.0,1080,512,108,4.23,4,3217.5,1
2,0.0,0,8,1,0,15.6,1080,1000,540,5.05,4,2034.45,1
1,6.0,1,16,0,0,15.6,1080,1000,61,132.0,4,6324.45,2
2,0.0,1,4,1,0,15.6,1080,256,540,5.05,4,2199.45,1
2,0.0,0,8,1,0,15.6,720,1000,540,5.05,4,1951.95,1
2,0.0,1,8,1,0,15.6,1080,256,362,5.05,4,2199.45,1
2,0.0,1,4,0,0,14.0,720,128,880,3.5,4,1181.95,1
1,6.0,1,16,1,0,15.6,1440,1000,48,132.0,4,7809.45,2
2,0.0,1,8,1,0,14.0,1080,1256,362,5.05,4,2391.95,1
2,0.0,1,8,1,0,14.0,1080,1256,108,17.5,4,2914.45,1
2,0.0,1,8,0,0,14.0,1080,512,187,5.05,4,2963.4,1
3,0.0,1,16,0,1,14.0,1080,512,108,17.5,4,5169.94,1
4,0.0,0,4,0,1,11.6,720,64,707,1.0,6,1099.45,1
2,0.0,1,8,1,0,15.6,1080,512,108,17.5,4,3134.94,1
2,0.0,1,8,1,0,13.3,1440,512,148,33.0,4,5664.45,1
2,0.0,1,8,1,0,13.3,1440,1000,148,33.0,4,8249.45,1
2,0.0,1,8,1,0,13.3,1440,512,148,33.0,4,5664.45,1
2,0.0,0,4,0,0,14.0,720,1000,590,102.0,4,1204.28,1
1,6.0,1,16,1,0,15.6,1080,1000,64,132.0,4,6049.45,2
4,0.0,0,4,0,1,11.6,720,64,745,1.53,5,1209.45,1
4,0.0,0,4,0,0,11.6,720,32,745,3.07,5,1099.45,1
4,0.0,0,4,0,0,15.6,720,64,745,3.07,5,1127.44,1
1,8.0,1,16,1,0,15.6,1440,1000,64,154.0,4,8716.95,2
4,0.0,0,4,0,1,14.0,720,64,745,3.07,5,1264.45,1
4,0.0,0,4,0,0,14.0,720,64,745,3.07,5,1099.45,1
1,4.0,1,32,1,1,13.4,2160,1000,48,59.9,6,13199.45,2
4,0.0,0,4,0,1,15.6,1080,64,745,3.07,5,1319.45,1
1,4.0,1,16,1,0,15.6,1080,512,64,72.6,4,4889.5,2
2,0.0,0,4,0,0,11.6,720,64,745,1.53,4,1154.45,1
1,4.0,1,8,0,0,15.6,1080,512,87,59.9,4,4179.94,2
2,0.0,1,8,0,0,14.1,1080,1000,87,102.0,4,3794.45,1
2,0.0,0,4,0,0,14.0,720,1000,590,1.87,4,1489.95,1
2,0.0,1,8,1,0,14.0,1080,512,108,17.5,4,2804.45,1
1,4.0,1,8,1,0,15.6,1080,512,187,59.9,4,3601.95,2
1,4.0,1,8,1,0,15.6,1080,1256,87,72.6,4,4014.45,2
2,0.0,1,16,1,0,14.0,1080,512,108,17.5,4,4001.14,1
2,0.0,1,8,1,0,14.0,1080,512,87,102.0,4,3271.95,1
1,4.0,1,16,1,0,15.6,1080,1000,64,72.6,4,5609.45,2
2,0.0,1,8,0,0,14.0,1080,512,87,102.0,4,3244.45,1
2,0.0,0,4,0,0,14.0,720,1000,880,6.8,4,1541.16,1
2,0.0,1,8,0,0,15.6,1080,512,540,5.05,4,2336.95,1
3,2.0,1,16,1,1,14.0,1080,512,108,17.5,4,4619.45,1
2,2.0,1,8,0,0,15.6,1080,1256,187,16.5,4,3079.45,1
2,0.0,1,16,1,0,15.3,1080,512,108,17.5,4,3794.45,1
2,0.0,1,8,1,0,15.6,1080,512,87,83.3,4,3271.95,1
2,2.0,1,16,1,0,15.6,1080,512,108,33.8,4,3959.28,1
4,0.0,1,16,1,0,15.6,1080,512,108,17.5,4,3954.5,1
2,2.0,1,16,1,0,14.0,1440,512,108,17.5,4,4894.45,1
2,0.0,1,16,1,1,13.4,2160,1000,61,17.5,6,9998.45,1
4,0.0,1,16,1,0,17.3,1080,512,87,102.0,4,4290.0,2
1,4.0,1,8,1,0,15.6,1080,512,87,41.8,4,3464.45,2
3,0.0,1,16,1,1,14.0,1080,512,108,17.5,4,4344.45,1
3,0.0,1,8,1,1,14.0,1080,512,108,17.5,4,3898.95,1
1,4.0,1,8,1,0,15.6,1080,1000,61,72.6,4,6049.45,2
1,4.0,0,8,0,0,15.6,1080,1000,187,36.4,4,3051.95,2
1,4.0,1,16,1,0,15.6,1080,512,187,59.9,4,4129.95,2
1,4.0,1,16,1,0,15.6,1080,512,187,59.9,4,4234.45,2
1,4.0,1,16,1,1,13.4,1080,1000,48,59.9,6,6049.45,2
1,4.0,1,8,1,0,17.3,1080,1000,108,72.6,4,4344.45,2
1,4.0,1,8,1,0,15.6,1080,512,187,59.9,4,3629.45,2
1,6.0,1,16,0,0,15.6,1080,1000,61,132.0,4,7094.45,2
2,0.0,0,8,0,0,15.6,1080,1000,540,5.05,4,2034.45,1
2,2.0,1,8,1,0,15.6,1080,1256,108,33.8,4,3244.45,1
2,2.0,1,16,0,0,15.6,1080,512,108,33.8,4,3684.45,1
2,0.0,1,4,1,0,14.0,1080,1256,540,5.05,4,2041.93,1
1,4.0,1,8,1,0,15.6,1080,512,87,59.9,4,3409.45,1
3,0.0,1,8,1,1,14.0,1080,512,87,83.3,4,3821.95,1
3,2.0,1,8,1,1,14.0,1080,512,108,17.5,4,4399.45,1
2,0.0,1,8,1,0,14.0,1080,256,362,5.05,4,2832.44,1
2,0.0,1,16,0,0,15.6,1080,512,108,17.5,4,3409.45,1
1,6.0,1,16,0,0,15.6,1080,512,109,132.0,4,3849.45,2
1,4.0,1,8,0,0,15.6,1080,1256,109,36.4,4,3024.45,2
4,2.0,1,8,0,0,15.6,1080,512,187,14.5,4,3574.45,1
1,4.0,1,8,0,0,15.6,1080,512,187,41.8,4,3767.44,2
2,0.0,1,8,1,0,15.6,1080,512,108,17.5,4,2969.45,1
2,0.0,1,8,1,0,14.0,1080,256,362,5.05,4,2408.45,1
2,0.0,1,8,0,0,14.0,1080,512,87,102.0,4,3244.45,1
2,0.0,1,8,0,0,14.0,1080,512,64,102.0,4,3299.45,1
1,4.0,1,16,1,0,15.6,1080,1256,64,41.8,4,4179.45,2
1,6.0,1,16,1,0,15.6,1080,512,108,132.0,4,4949.45,2
2,0.0,1,8,0,0,14.0,1080,512,87,102.0,4,3244.45,1
2,0.0,1,8,0,0,15.6,1080,512,108,17.5,4,3189.45,1
2,0.0,1,16,0,1,14.0,1080,1024,187,5.05,4,8547.6,1
2,0.0,1,16,0,0,14.0,1080,512,108,17.5,4,4509.94,1
2,0.0,1,16,1,1,14.0,1080,1000,61,17.5,4,5334.45,1
2,0.0,1,8,0,0,15.6,1080,256,108,17.5,4,2666.95,1
1,4.0,1,8,1,0,14.0,1080,1000,24,72.6,4,6072.0,2
4,2.0,1,8,0,0,15.6,1080,512,108,17.5,4,4624.73,1
2,0.0,1,8,0,0,15.6,1080,512,108,17.5,4,3739.45,1
4,0.0,1,8,0,0,15.6,720,512,362,5.05,4,2557.39,1
1,4.0,1,8,1,0,15.6,1080,512,187,59.9,4,2969.45,2
1,4.0,1,8,1,0,15.6,1080,1256,206,59.9,4,3970.94,1
2,0.0,1,8,0,0,14.0,1080,512,61,17.5,4,4289.45,1
2,0.0,1,8,0,0,15.6,1080,512,108,17.5,4,3629.45,1
4,0.0,1,16,0,0,15.6,1080,512,108,17.5,4,4289.45,1
2,0.0,1,8,0,1,14.0,1080,1024,187,5.05,4,6896.67,1
2,0.0,1,8,0,0,17.3,1080,1256,87,102.0,4,3453.45,1
2,0.0,1,16,0,0,13.3,1080,1000,61,17.5,6,5664.45,1
4,0.0,0,4,1,0,15.6,720,1000,579,102.0,4,1539.45,1
4,0.0,0,4,1,0,15.6,1080,1000,579,102.0,4,1533.95,1
2,0.0,1,16,1,0,13.3,1080,512,108,17.5,6,6307.95,1
2,0.0,1,4,0,0,14.0,1080,256,362,5.05,4,1924.45,2
2,0.0,1,8,1,0,14.0,1080,1256,108,17.5,4,3409.45,1
2,0.0,1,4,1,0,14.0,1080,256,540,5.05,4,1983.14,1
1,4.0,1,8,1,0,15.6,1080,1256,187,59.9,4,3794.94,2
1,4.0,1,8,0,0,15.6,1080,1256,87,59.9,4,3519.45,2
2,0.0,1,8,0,0,14.0,1080,512,108,17.5,4,3134.45,1
2,0.0,1,16,0,0,15.6,1080,512,64,102.0,4,3739.45,1
4,0.0,0,4,1,0,15.6,720,1000,579,102.0,4,1539.45,1
1,4.0,1,8,0,0,15.6,1080,512,187,41.8,4,3629.45,2
2,0.0,1,4,0,0,14.0,1080,1256,362,5.05,4,2371.93,1
1,4.0,1,8,1,0,15.6,1080,512,187,59.9,4,3024.45,1
1,4.0,1,16,1,0,15.6,1080,1000,97,41.8,4,5092.45,2
1,4.0,1,8,1,0,14.0,1080,512,180,41.8,4,4647.5,2
3,0.0,1,8,0,1,14.0,1080,512,87,102.0,4,3464.45,1
1,6.0,1,16,0,0,15.6,1080,512,109,76.5,4,4179.45,2
2,0.0,1,8,0,0,14.0,1080,512,87,102.0,6,4289.45,1
2,0.0,1,8,1,0,14.0,1080,512,108,17.5,4,3535.95,1
3,0.0,1,8,1,1,14.0,1080,512,108,17.5,4,4014.45,1
2,2.0,1,8,1,0,15.6,1080,1256,108,16.5,4,3739.94,1
2,0.0,1,4,1,0,14.9,1080,1256,108,17.5,4,3079.45,1
1,6.0,1,16,1,0,15.6,1080,512,108,132.0,4,4894.45,2
2,0.0,1,8,0,0,15.6,1080,256,540,5.05,4,2226.95,1
2,0.0,0,8,1,0,15.6,1080,1000,362,5.05,4,2474.95,1
2,0.0,1,8,1,0,14.0,720,256,362,5.05,4,2441.45,1
4,0.0,1,16,0,0,14.0,1080,512,61,17.5,4,5664.94,1
2,0.0,1,16,0,0,13.3,1440,1000,61,17.5,6,6049.45,1
4,0.0,1,8,0,0,13.3,1080,512,187,4.23,1,5224.45,1
4,0.0,0,8,0,0,15.6,1080,1000,362,4.23,4,2364.45,1
1,4.0,1,8,0,0,15.6,1080,1256,97,36.4,4,3711.95,2
2,0.0,1,8,0,0,14.0,1080,256,362,5.05,4,2089.95,1
1,6.0,1,16,1,0,15.6,1080,1256,64,132.0,4,5224.45,2
2,2.0,1,16,0,1,14.0,1080,1000,61,17.5,6,7534.45,1
1,4.0,1,8,1,0,15.6,1080,1000,187,41.8,4,4289.45,1
3,0.0,1,8,1,1,14.0,1080,512,362,5.05,4,3464.45,1
2,0.0,1,16,0,0,14.0,1080,512,108,17.5,6,4426.95,1
2,0.0,1,8,1,0,15.6,1080,512,87,102.0,4,2831.95,1
1,4.0,1,16,1,1,13.4,1080,1000,64,59.9,6,5499.45,2
2,0.0,1,8,0,0,14.0,1080,512,61,17.5,4,3904.45,1
1,4.0,1,16,1,1,13.4,2160,1000,48,59.9,6,6599.45,2
1,4.0,1,32,1,1,13.4,2160,1000,48,59.9,6,7149.45,2
4,0.0,1,8,0,0,15.6,1080,512,108,5.05,4,3629.45,1
2,2.0,1,8,1,0,15.6,1080,512,108,33.8,4,4207.44,1
3,0.0,1,8,0,1,13.3,1080,512,108,17.5,4,4399.45,1
2,0.0,0,4,0,0,15.6,720,1000,540,5.05,4,1869.45,1
1,4.0,1,8,0,0,15.6,1080,512,187,59.9,4,3299.45,2
1,4.0,1,8,0,0,15.6,1080,512,206,59.9,4,3024.45,1
1,6.0,1,16,0,0,15.6,1080,512,108,132.0,4,4811.95,2
1,6.0,1,16,0,0,15.6,1080,1256,97,88.7,4,7286.95,2
2,0.0,1,4,0,0,15.6,1080,256,560,102.0,4,1814.45,1
2,0.0,1,8,0,0,14.0,1080,512,108,17.5,4,3217.39,1
2,0.0,1,8,0,0,15.6,1080,512,108,17.5,4,3024.45,1
2,0.0,0,8,1,0,15.6,1080,1000,560,83.3,4,2199.45,1
1,4.0,1,8,1,0,15.6,1080,1256,87,59.9,4,3354.45,1
2,0.0,0,8,1,0,14.0,1080,1000,362,5.05,4,2254.45,1
2,0.0,1,8,0,0,14.0,1080,512,87,102.0,4,2854.5,1
2,2.0,1,8,1,0,14.0,1080,512,108,16.5,4,3062.95,1
2,2.0,1,8,1,0,15.6,1080,512,108,17.5,4,3354.45,1
2,0.0,1,8,1,0,15.6,1080,512,64,102.0,4,3189.45,1
2,0.0,1,8,1,0,15.6,1080,512,87,102.0,4,2749.45,1
2,0.0,0,8,1,0,14.0,720,1000,123,4.82,4,2364.45,1
2,2.0,1,16,0,1,14.0,1080,512,108,33.8,6,6324.45,1
2,0.0,1,8,0,0,15.6,1080,512,330,10.6,4,2969.45,1
2,0.0,1,8,0,0,14.0,720,512,108,17.5,4,3492.5,1
2,0.0,1,8,0,1,14.0,1080,512,108,17.5,6,5609.45,1
2,0.0,1,8,0,0,15.6,1080,1256,87,3.71,4,4130.5,1
2,0.0,1,8,0,0,14.0,1080,512,362,5.05,4,2584.45,1
2,0.0,1,8,0,0,15.6,1080,512,87,102.0,4,2694.94,1
1,6.0,1,16,1,0,15.6,1080,1256,97,132.0,4,5499.45,2
2,0.0,0,8,1,0,15.6,1080,1000,540,5.05,4,2365.0,1
3,0.0,1,8,0,1,13.3,1080,512,108,17.5,4,4399.45,1
4,0.0,1,4,0,0,15.6,1080,256,362,5.05,4,2474.45,1
4,0.0,1,8,0,0,15.6,1080,512,108,5.05,4,3656.95,1
2,0.0,1,16,1,0,13.3,1080,1000,61,17.5,6,6736.84,1
4,0.0,0,4,0,1,11.6,720,64,707,1.0,4,1126.95,1
1,6.0,1,16,1,0,15.6,1080,1256,87,132.0,4,5224.45,2
4,0.0,0,8,0,0,14.0,1080,1000,108,4.23,4,3244.45,1
4,0.0,1,8,0,0,14.0,1080,1256,187,4.23,4,3244.94,1
1,8.0,1,16,0,0,15.6,1080,1000,74,93.7,4,14629.89,1
2,0.0,1,8,0,0,15.6,1080,256,362,5.05,4,2524.5,1
4,2.0,0,4,0,0,14.0,1080,1000,428,132.0,4,3079.94,1
3,0.0,1,16,0,1,13.3,1080,512,64,102.0,4,4399.45,1
3,0.0,1,16,0,1,14.0,1080,512,61,17.5,4,4509.45,1
4,0.0,1,8,0,0,14.0,1080,512,187,5.05,4,3106.95,1
2,0.0,0,8,1,0,15.6,1080,1000,362,5.05,4,2402.95,1
2,0.0,1,8,1,0,14.0,1080,256,362,5.05,4,2089.45,1
2,0.0,1,4,0,0,15.6,1080,256,560,102.0,4,1786.95,1
1,4.0,1,8,1,0,15.6,1080,512,64,59.9,4,4510.0,2
1,6.0,1,16,1,0,15.6,1080,512,187,76.5,4,4564.45,2
2,0.0,1,8,0,0,15.6,1080,512,362,5.05,4,2464.0,1
2,2.0,1,16,0,0,14.0,1080,512,108,33.8,4,4124.45,1
2,0.0,1,8,0,0,15.6,1080,512,108,17.5,4,3355.0,1
2,0.0,1,8,0,0,15.6,1080,512,362,5.05,4,2689.5,1
2,0.0,1,8,1,0,15.6,1080,512,108,17.5,4,3321.45,1
3,0.0,1,8,0,1,14.0,1080,512,362,5.05,4,3184.44,1
3,0.0,1,8,0,1,14.0,1080,512,362,5.05,4,2969.45,1
2,0.0,1,8,1,0,13.3,1440,512,148,33.0,4,5664.45,1
1,4.0,1,8,1,0,15.6,1080,512,87,59.9,4,3024.45,1
3,0.0,1,8,0,1,14.0,1080,256,362,5.05,4,2859.45,1
3,0.0,1,8,1,1,14.0,1080,512,362,5.05,4,3051.95,1
2,2.0,1,8,1,0,15.6,1080,1256,187,14.5,4,3347.85,1
3,0.0,1,16,0,1,14.0,2160,1000,61,17.5,6,9294.89,1
4,0.0,1,8,0,0,13.3,720,512,108,4.23,4,5170.0,1
4,0.0,0,8,0,0,14.96,1080,1000,540,5.05,4,2314.95,1
3,0.0,1,16,0,1,14.0,1080,512,61,17.5,4,5499.45,1
1,4.0,1,8,1,0,15.6,1080,1256,206,59.9,4,3541.45,2
2,0.0,0,8,1,0,14.0,1080,1000,108,17.5,4,2859.45,1
4,0.0,1,4,1,0,15.0,1080,256,540,5.05,4,2171.95,1
2,0.0,1,8,1,0,14.0,1080,256,540,5.05,4,2089.45,1
2,2.0,1,8,0,0,14.0,1080,512,97,17.5,4,3299.45,1
1,4.0,1,8,1,0,15.6,1080,512,187,41.8,4,3519.45,2
2,2.0,0,8,1,0,15.6,1080,1000,108,17.5,4,2996.95,1
3,0.0,1,8,1,1,14.0,1080,256,362,5.05,4,2969.45,1
2,0.0,0,8,1,0,14.0,1080,1000,540,5.05,4,2254.45,1
4,0.0,1,8,1,0,15.6,1080,1256,560,93.9,4,2281.95,1
2,0.0,0,8,0,0,15.6,1080,1000,187,5.05,4,2474.45,1
2,0.0,0,8,0,0,15.6,1080,1000,540,5.05,4,2204.95,1
2,0.0,1,8,0,0,15.6,1080,1256,187,5.05,4,2804.45,1
3,4.0,1,8,0,1,14.0,1080,512,108,18.0,6,4069.45,1
4,0.0,1,8,0,0,14.0,1080,256,540,5.05,4,2199.45,1
2,0.0,0,8,1,0,15.6,1080,1000,362,5.05,4,2474.45,1
4,0.0,1,8,0,0,14.0,1080,512,540,5.05,4,2611.95,1
4,4.0,1,16,0,1,15.6,1080,1000,61,42.0,4,8524.45,1
3,0.0,1,8,1,1,14.0,1080,512,108,17.5,4,3755.95,1
3,0.0,1,4,1,1,14.0,1080,512,362,5.05,4,3234.0,1
2,0.0,1,8,1,0,13.3,1080,512,108,17.5,6,6379.45,1
1,4.0,1,8,1,0,15.6,1080,1256,87,59.9,4,3436.95,2
4,2.0,1,8,1,0,15.6,1080,1256,167,4.82,4,3134.56,2
2,0.0,0,8,1,0,15.6,1080,1000,362,5.05,4,2199.45,1
2,0.0,1,8,0,0,14.0,1080,512,167,4.82,4,3458.95,1
2,2.0,1,8,1,0,14.5,1440,512,108,17.5,6,4784.45,1
1,8.0,1,16,1,0,15.6,1080,2000,97,78.4,4,8799.45,1
1,4.0,1,8,1,0,15.6,1080,512,87,41.8,4,4179.94,2
2,0.0,1,8,1,0,15.6,1080,512,187,5.05,4,2750.06,1
4,2.0,0,8,1,0,15.6,1080,1000,187,16.5,4,2529.45,1
2,0.0,1,4,0,0,14.0,1080,256,362,5.05,4,2309.45,1
2,0.0,1,8,0,0,14.0,1080,512,108,17.5,4,3299.45,1
2,0.0,1,8,0,0,15.6,1080,512,75,10.9,4,3189.45,1
2,0.0,1,8,1,0,13.3,1440,512,148,33.0,4,7039.45,1
2,0.0,1,8,1,0,13.3,1440,256,148,33.0,4,5939.45,1
2,0.0,1,8,0,0,15.6,1080,512,330,10.6,4,2727.45,1
2,0.0,1,8,1,0,13.3,1440,256,148,33.0,4,4839.45,1
2,0.0,1,8,0,0,15.6,1080,512,75,10.9,4,3134.45,1
2,0.0,1,8,0,0,15.6,1080,512,330,10.6,4,2804.45,1
2,0.0,1,8,1,0,13.3,1440,256,148,33.0,4,4839.45,1
2,0.0,1,8,1,0,13.3,1440,256,148,33.0,4,5939.45,1
2,0.0,1,8,1,0,13.3,1440,512,148,33.0,4,5774.45,1
2,0.0,1,8,1,0,13.3,1440,512,148,33.0,4,7039.45,1
2,0.0,1,8,0,0,14.0,1080,512,64,102.0,4,3024.45,1
1,4.0,1,8,1,0,15.6,1080,512,330,41.8,4,2859.45,1
1,4.0,1,8,1,0,15.6,1080,512,330,41.8,4,2859.45,1
2,0.0,1,16,0,1,14.0,1080,1000,61,17.5,6,5125.45,1
3,0.0,1,8,1,1,13.6,1080,512,187,5.05,4,3629.45,1
2,2.0,1,8,0,0,14.0,1080,512,187,10.4,4,3354.45,1
4,0.0,0,8,1,0,15.6,1080,1000,540,5.05,4,2336.95,1
1,8.0,1,16,1,0,15.6,1080,2000,97,78.4,4,8276.95,2
1,4.0,1,8,0,0,15.6,1080,1256,97,41.8,4,5373.44,1
4,0.0,1,8,0,0,14.0,1080,512,187,5.05,4,3960.0,1
2,0.0,0,4,1,0,15.6,1080,1000,530,4.61,4,1704.45,1
2,2.0,1,16,0,0,14.0,1080,512,123,17.0,4,13464.06,1
2,4.0,1,16,0,0,15.6,1080,1000,113,36.0,4,14960.0,1
4,0.0,0,8,0,0,15.6,720,1000,187,4.23,4,2666.95,1
2,0.0,0,4,0,0,14.0,1080,1000,167,4.82,4,2755.5,1
2,2.0,1,8,0,0,14.0,1080,512,187,6.33,4,4784.45,1
2,0.0,1,8,0,0,14.0,1080,1256,187,5.05,4,3244.94,1
2,2.0,1,8,0,0,14.0,1080,512,187,17.5,4,3024.94,1
2,0.0,1,8,0,0,14.0,1080,512,167,4.82,4,2952.95,1
2,0.0,1,16,0,0,14.0,2160,1000,97,10.6,6,7864.45,1
2,0.0,1,16,0,0,14.0,1440,512,97,5.05,2,11811.8,1
2,0.0,1,8,1,0,14.0,1080,512,187,5.05,4,2969.45,1
3,0.0,1,16,0,1,13.3,1080,512,97,70.9,2,13186.74,1
3,0.0,1,8,0,1,13.3,1080,512,87,102.0,4,4705.52,1
4,0.0,0,4,0,1,14.0,720,64,745,2.13,4,1484.45,1
4,0.0,0,4,0,0,14.0,720,1000,540,3.5,4,2452.45,1
